user_input,retrieved_contexts,response,reference,faithfulness,context_recall,context_precision,answer_correctness
Apa yang dimaksud dengan Penjaminan menurut peraturan OJK?,"['Menetapkan : PERATURAN OTORITAS JASA KEUANGAN TENTANG  \nPEMERIKSAAN LEMBAGA PENJAMINAN \n \n  BAB I \nKETENTUAN UMUM \n  Pasal 1 \n  Dalam Peraturan Otoritas Jasa Keuangan ini yang \ndimaksud dengan: \n  1. Penjaminan adalah kegiatan pemberian jaminan atas \npemenuhan kewajiban finansial Terjamin. \n                                                                  2. Penjaminan…', 'Lembaga Penjaminan; \n  MEMUTUSKAN \nMenetapkan : PERATURAN OTORITAS JASA KEUANGAN TENTANG   \nPENYELENGGARAAN USAHA LEMBAGA PENJAMINAN. \n  BAB I  \nKETENTUAN UMUM \n  Pasal 1 \n  Dalam Peraturan Otoritas Jasa Keuangan  ini yang \ndimaksud dengan: \n  1. Penjaminan adalah kegiatan pemberian jaminan \natas pemenuhan kewajiban finansial Terjamin. \n2. Penjaminan…', 'Pasal 1  \nDalam Peraturan Otoritas Jasa Keuangan ini yang \ndimaksud dengan:  \n1. Lembaga Jasa Keuangan Non-Bank adalah: \na. perusahaan asuransi jiwa, perusahaan asuransi \numum, dan perusahaan reasuransi, termasuk \nyang menyelenggarakan seluruh atau sebagian \nusahanya dengan prinsip syariah, sebagaimana \ndimaksud dalam peraturan perundang -undangan \ndi bidang perasuransian;  \nb. lembaga penjaminan, termasuk yang \nmenyelenggarakan seluruh atau sebagian \nusahanya dengan prinsip syariah, sebagaimana \ndimaksud dalam peraturan perundang -undangan \ndi bidang lembaga penjaminan;  \nc. dana pensiun pemberi kerja  sebagaimana \ndimaksud dalam peraturan perundang-undangan \ndi bidang dana pensiun;  \nd. Badan Penyelenggara Jaminan Sosial \nKetenagakerjaan yang selanjutnya disebut BPJS \nKetenagakerjaan sebagaimana dimaksud dalam \nperaturan perundang-undangan di bidang Badan \nPenyelenggara Jaminan Sosial; dan']",Penjaminan adalah kegiatan pemberian jaminan atas pemenuhan kewajiban finansial Terjamin.,Penjaminan adalah kegiatan pemberian jaminan atas pemenuhan kewajiban finansial Terjamin.,1.0,1.0,0.99999999995,1.0
Berapa jumlah modal mendirikan Perusahaan Penjaminan lingkup nasional?,"['-9- \n \nb. Penjaminan Ulang atau Jaminan Ulang, bagi \nPerusahaan Penjaminan Ulang; \nc. Penjaminan atau Jaminan  serta diakhiri dengan \nkata syariah, bagi Perusahaan Penjaminan Syariah; \natau \nd. Penjaminan Ulang atau Jaminan Ulang  serta \ndiakhiri dengan kata syariah , bagi Perusahaan \nPenjaminan Ulang Syariah. \n  Bagian Kedua \nPermodalan \n  Pasal 6 \n  (1) Modal disetor atau setoran pokok dan sertifikat \nmodal Lembaga Penjaminan  ditetapkan \nberdasarkan lingkup operasi yaitu nasional atau \nprovinsi.  \n  (2) Jumlah modal disetor atau setoran pokok dan \nsertifikat modal  Perusahaan Penjaminan  dan \nPerusahaan Penjaminan Syariah  ditetapkan paling \nsedikit:  \na. Rp100.000.000.000,00 (seratus miliar \nrupiah), untuk lingkup nasional; atau \nb. Rp25.000.000.000,00 (dua puluh lima miliar \nrupiah), untuk lingkup provinsi. \n  (3) Jumlah modal disetor atau setoran pokok  dan \nsertifikat modal Perusahaan Penjaminan Ulang dan \nPerusahaan Penjaminan Ulang Syariah ditetapkan \npaling sedikit Rp200.000.000.000,00 (dua ratus \nmiliar rupiah). \n  Bagian Ketiga \nBentuk Badan Hukum  \n  Pasal 7 \n  (1) Bentuk badan hukum Lembaga Penjaminan  \nadalah: \na. Perusahaan Umum; \nb. Perseroan Terbatas; atau', '-10- \n \n   \n(3) Badan usaha asing sebagaimana dimaksud pada \nayat (2) huruf c hanya dapat memiliki saham pada \nLembaga Penjaminan berbentuk badan hukum \nPerseroan Terbatas.  \n  (4) Total kepemilikan asing pada Lembaga Penjaminan \nberbentuk badan hukum Perseroan Terbatas baik \nsecara langsung maupun tidak langsung paling \nbanyak sebesar 49% (empat puluh sembilan per \nseratus) dari modal disetor. \n  (5) Perusahaan Penjaminan Ulang  atau Perusahaan \nPenjaminan Ulang  Syariah yang berbentuk badan \nhukum Koperasi hanya dapat dimiliki oleh \ngabungan Perusahaan Penjaminan  atau \nPerusahaan Penjaminan Syariah  yang berbentuk \nbadan hukum Koperasi. \n  BAB III \n  KEPEMILIKAN DAN KEPENGURUSAN \n  Pasal 8 \n  (1) Bagi pemegang saham yang berbentuk badan \nhukum Indonesia, jumlah penyertaan modal pada \nLembaga Penjaminan ditetapkan paling banyak  \nsebesar: \na. ekuitas badan hukum  yang bersangkutan \napabila tidak terdapat penyertaan lain; atau \nb. ekuitas badan hukum yang bersangkutan \ndikurangi jumlah penyertaan lain yang telah \ndilakukan apabila terdapat penyertaan lain.', 'd. menyisihkan modal kerja untuk pembentukan \nUnit Usaha Syariah yang ditetapkan dalam \nrapat umum pemegang sah am atau rapat \nanggota, sebesar: \n1. Rpl0.000.000.000,00 (sepuluh miliar \nrupiah) untuk Unit Usaha Syariah dari \nPerusahaan Penjaminan; atau \n2. Rp20.000.000.000,00 (dua puluh miliar \nrupiah) untuk Unit Usaha Syariah dari \nPerusahaan Penjaminan Ulang; \nmodal kerja dimaksud harus telah disetor \npenuh pada bank umum syariah dan telah \ndilegalisasi oleh bank penerima setoran serta \nmasih berlaku selama dalam proses pengajuan \nizin Unit Usaha Syariah. \ne. memiliki sistem akuntansi dan sistem \npengelolaan data yang  memenuhi fungsi \npengendalian intern yang  terpisah bagi Unit \nUsaha Syariah; \n  (5) Untuk mendapat izin sebagaimana dimaksud pada \nayat (1) Perusahaan Penjaminan atau Perusahaan \nPenjaminan Ulang harus mengajukan permohonan  \n \nkepada…']","Rp100.000.000.000,00 (seratus miliar rupiah).","Jumlah modal disetor atau setoran pokok dan sertifikat modal Perusahaan Penjaminan ditetapkan paling sedikit Rp100.000.000.000,00 (seratus miliar rupiah) untuk lingkup nasional.",1.0,1.0,0.9999999999,0.5155089728735132
Berapa batas kepemilikan asing maksimum secara langsung maupun tidak langsung pada Lembaga Penjaminan berbentuk badan hukum Perseroan Terbatas?,"['-10- \n \n   \n(3) Badan usaha asing sebagaimana dimaksud pada \nayat (2) huruf c hanya dapat memiliki saham pada \nLembaga Penjaminan berbentuk badan hukum \nPerseroan Terbatas.  \n  (4) Total kepemilikan asing pada Lembaga Penjaminan \nberbentuk badan hukum Perseroan Terbatas baik \nsecara langsung maupun tidak langsung paling \nbanyak sebesar 49% (empat puluh sembilan per \nseratus) dari modal disetor. \n  (5) Perusahaan Penjaminan Ulang  atau Perusahaan \nPenjaminan Ulang  Syariah yang berbentuk badan \nhukum Koperasi hanya dapat dimiliki oleh \ngabungan Perusahaan Penjaminan  atau \nPerusahaan Penjaminan Syariah  yang berbentuk \nbadan hukum Koperasi. \n  BAB III \n  KEPEMILIKAN DAN KEPENGURUSAN \n  Pasal 8 \n  (1) Bagi pemegang saham yang berbentuk badan \nhukum Indonesia, jumlah penyertaan modal pada \nLembaga Penjaminan ditetapkan paling banyak  \nsebesar: \na. ekuitas badan hukum  yang bersangkutan \napabila tidak terdapat penyertaan lain; atau \nb. ekuitas badan hukum yang bersangkutan \ndikurangi jumlah penyertaan lain yang telah \ndilakukan apabila terdapat penyertaan lain.', '- 6 - \n \nperaturan perundang -undangan di bidang \nperkoperasian. \n \nPasal 3 \nPerusahaan Pergadaian dilarang dimiliki baik secara \nlangsung maupun tidak langsung oleh warga negara asing \ndan/atau badan usaha yang sebagian atau seluruhnya \ndimiliki oleh warga negara asing atau badan usaha asing, \nkecuali kepemilikan langsung maupun tidak  langsung \ntersebut dilakukan melalui bursa efek.  \n \nPasal 4 \n(1) Modal Disetor Perusahaan Pergadaian ditetapkan \nberdasarkan lingkup wilayah usaha yaitu \nkabupaten/kota atau provinsi. \n(2) Jumlah Modal Disetor Perusahaan Pergadaian \nsebagaimana dimaksud pada ayat (1) ditetapkan \npaling sedikit: \na. Rp500.000.000,00 (lima ratus juta rupiah), untuk \nlingkup wilayah usaha kabupaten/kota; atau \nb. Rp2.500.000.000,00 (dua miliar lima ratus juta \nrupiah), untuk lingkup wilayah usaha provinsi. \n(3) Modal Disetor sebagaimana dimaksud pada ayat ( 2) \nharus disetor secara tunai dan penuh atas nama \nPerusahaan Pergadaian pada salah satu bank umum \natau bank umum syariah di Indonesia.', '-2- \n \nPasal 2 \n         Cukup jelas \nPasal 3 \n         Cukup jelas \nPasal 4 \n         Cukup jelas \nPasal 5 \n         Cukup jelas \nPasal 6 \n         Cukup Jelas \nPasal 7 \n         Ayat (1) \n  Cukup jelas \n Ayat (2) \n  Cukup jelas \n Ayat (3) \n  Cukup jelas \n Ayat (4) \nYang dimaksud dengan kepemilikan pihak asing secara langsung \nadalah dalam bentuk pemilikan saham Lembaga Penjami nan yang \nberbentuk badan hukum Perseroan T erbatas oleh badan usaha \nasing. Sedangkan kepemilikan pihak asing secara tidak langsung \nadalah dalam bentuk pemilikan saham Lembaga Penjaminan yang \nberbentuk badan hukum Perseroan T erbatas oleh badan hukum \nIndonesia, yang sebagian atau seluruh sahamnya dimiliki oleh \npihak asing.  \nMisalnya, PT Penjaminan EFG  komposisi kepemilikannya sebagai \nberikut: \n \n \n \nPemegang saham: \n \n \n \n\uf0b7 Kepemilikan pihak asing secara langsung = 20% (BUA 2) \n \nKepemilikan… \n \nWNI 1 \n50% \nBUA 1 \n50% \nBHI 1 \n30% \nWNI 2 \n50% \nBUA 2 \n20% \nPT Penjaminan EFG']",Batas kepemilikan asing maksimum secara langsung maupun tidak langsung pada Lembaga Penjaminan berbentuk badan hukum Perseroan Terbatas adalah 49% dari modal disetor.,Total kepemilikan asing pada Lembaga Penjaminan berbentuk badan hukum Perseroan Terbatas baik secara langsung maupun tidak langsung paling banyak sebesar 49% (empat puluh sembilan per seratus) dari modal disetor.,1.0,1.0,0.9999999999,0.9942201720538697
Berapa modal kerja minimum yang harus disisihkan oleh Perusahaan Penjaminan untuk pembentukan Unit Usaha Syariah?,"['d. menyisihkan modal kerja untuk pembentukan \nUnit Usaha Syariah yang ditetapkan dalam \nrapat umum pemegang sah am atau rapat \nanggota, sebesar: \n1. Rpl0.000.000.000,00 (sepuluh miliar \nrupiah) untuk Unit Usaha Syariah dari \nPerusahaan Penjaminan; atau \n2. Rp20.000.000.000,00 (dua puluh miliar \nrupiah) untuk Unit Usaha Syariah dari \nPerusahaan Penjaminan Ulang; \nmodal kerja dimaksud harus telah disetor \npenuh pada bank umum syariah dan telah \ndilegalisasi oleh bank penerima setoran serta \nmasih berlaku selama dalam proses pengajuan \nizin Unit Usaha Syariah. \ne. memiliki sistem akuntansi dan sistem \npengelolaan data yang  memenuhi fungsi \npengendalian intern yang  terpisah bagi Unit \nUsaha Syariah; \n  (5) Untuk mendapat izin sebagaimana dimaksud pada \nayat (1) Perusahaan Penjaminan atau Perusahaan \nPenjaminan Ulang harus mengajukan permohonan  \n \nkepada…', '- 44 - \n \nPerusahaan Pergadaian Pemerintah wajib membentuk \nunit usaha syariah. \n(2) Unit usaha syariah sebagaimana dimaksud pada ayat \n(1) merupakan unit kerja dari kantor pusat \nPerusahaan Pergadaian Pemerintah yang berfungsi \nsebagai kantor induk dari kantor yang melaksanakan \nkegiatan usaha berdasarkan Prinsip Syariah. \n \nPasal 57 \n(1) Perusahaan Pergadaian Pemerintah yang mempunyai \nunit usaha syariah wajib memenuhi ketentuan: \na. mempunyai modal kerja yang disisihkan untuk \nkegiatan unit usaha syariah; \nb. mempunyai pimpinan unit usaha syariah yang \nbertanggung jawab atas pelaksanaan kegiatan \nusaha yang dilakukan berdasarkan Prinsip \nSyariah; dan \nc. mempunyai pembukuan terpisahkan untuk unit \nusaha syariah. \n(2) Pimpinan unit usaha syariah Perusahaan Pergadaian \nPemerintah sebagaimana dimaksud pada ayat (1) \nhuruf b wajib memenuhi ketentuan: \na. diangkat oleh Direksi Perusahaan Pergadaian \nPemerintah; dan \nb. tidak melakukan rangkap jabatan pada fungsi \nlain selain pada fungsi yang bertujuan untuk \nmendukung pelaksanaan kegiatan usaha \nberdasarkan Prinsip Syariah.', 'b. memberitahukan kepada penerima jaminan; \nc. mengalihkan portofolio Penjaminan syariah ke \nPerusahaan P enjaminan Syariah atau Unit \nUsaha Syariah lainnya; dan  \nd. menyelesaikan kewajiban yang dimiliki. \n  (3) Permohonan pencabutan izin Unit Usaha Syariah \nsebagaimana dimaksud pada ayat (1) harus \ndilampiri dengan: \nb. asli keputusan izin pembukaan Unit Usaha \nSyariah; \nc. alasan penutupan; dan  \nd. bukti pelaksanaan ketentuan sebagaimana \ndimaksud pada ayat (2). \n  (4) Pencabutan izin Unit Usaha Syariah sebagaimana \ndimaksud pada ayat (1) diberikan dalam batas \nwaktu paling lambat 30 (tiga puluh) hari setelah \ndokumen permohonan diterima secara lengkap dan \nbenar.']","Rp10.000.000.000,00 (sepuluh miliar rupiah).","Modal kerja yang harus disisihkan untuk pembentukan Unit Usaha Syariah dari Perusahaan Penjaminan adalah sebesar Rp10.000.000.000,00 (sepuluh miliar rupiah).",1.0,1.0,0.9999999999,0.964375171531586
Apa pengertian dari Usaha Produktif berdasarkan ketentuan POJK Penyelenggaraan Usaha Lembaga Penjaminan?,"['b. penjumlahan dari setoran pokok , sertifikat \nmodal dan sisa hasil usaha, dikurangi \npenyertaan dan kerugian, dalam hal Lembaga \nPenjaminan berbentuk badan hukum koperasi. \n  (4) Gearing Ratio  untuk Penjaminan atau Penjaminan \nUlang bagi Usaha Produktif ditetapkan paling tinggi \n10 (sepuluh) kali. \n  (5) Total Gearing Ratio  bagi Lembaga Penjaminan \nditetapkan paling tinggi 40 (empat puluh) kali. \n  Pasal 23 \n  (1) Otoritas Jasa Keuangan akan menyampaikan \npemberitahuan secara tertulis dalam hal terdapat \nLembaga Penjaminan yang tidak memenuhi \nketentuan Gearing Ratio Usaha Produktif \nsebagaimana dimaksud dalam Pasal 22 ayat (4) dan \ntotal Gearing Ratio  sebagaimana dimaksud dalam', '-23- \n \nmengambil alih seluruh atau sebagian besar \nsaham Lembaga Penjaminan lain sehingga \nmengakibatkan beralihnya pengendalian terhadap \nLembaga Penjaminan tersebut. \n  (2) Pelaksanaan pengambilalihan terhadap Lembaga \nPenjaminan sebagaimana dimaksud pada ayat (1) \ndapat dilakukan dengan memenuhi ketentuan \nsebagai berikut: \na. pelaksanaan pengambilalihan tidak \nmengakibatkan berkurangnya hak Penerima \nJaminan atau hak Lembaga Penjaminan;  \nb. pelaksanaan pengambilalihan  wajib \nmemenuhi ketent uan Gearing Ratio  Usaha \nProduktif dan total Gearing Ratio sebagaimana \ndimaksud dalam Peraturan Otoritas Jasa \nKeuangan tentang Penyelenggaraan Usaha \nLembaga Penjaminan; dan', '-3- \n \n  11. Unit Usaha Syariah adalah unit kerja kantor pusat \nPerusahaan Penjaminan atau Perusahaan \nPenjaminan Ulang yang berfungsi sebagai kantor \npusat dari kantor cabang dan/atau kantor selain \nkantor cabang yang menjalankan kegiatan usaha \nPenjaminan atau Penjaminan Ulang berdasarkan \nPrinsip Syariah. \n  12. Usaha Produktif adalah kegiatan untuk \nmenghasilkan barang dan/atau jasa yang \nmemberikan nilai tambah dan meningkatkan \npendapatan bagi Terjamin. \n  13. Gearing Ratio  adalah batasan yang ditetapkan \nuntuk mengukur kemampuan Lembaga Penjaminan \ndalam melakukan kegiatan Penjaminan atau \nPenjaminan Ulang. \n  14. Lembaga Keuangan adalah bank dan lembaga \nkeuangan bukan bank. \n  15. Kantor Cabang adalah kantor  Lembaga Penjaminan \nyang secara langsung bertanggung jawab kepada \nkantor pusat. \n  16. Penerima Jaminan adalah Lembaga Keuangan atau \ndi luar Lembaga Keuangan yang telah memberikan \nfasilitas finansial kepada Terjamin. \n  17. Terjamin adalah pihak yang telah mempero leh \nfasilitas finansial dari Lembaga Keuangan atau di \nluar Lembaga Keuangan yang dijamin oleh \nPerusahaan Penjaminan atau Perusahaan \nPenjaminan Syariah baik perorangan, badan usaha,']",Usaha Produktif adalah kegiatan untuk menghasilkan barang dan/atau jasa yang memberikan nilai tambah dan meningkatkan pendapatan bagi Terjamin.,Usaha Produktif adalah kegiatan untuk menghasilkan barang dan/atau jasa yang memberikan nilai tambah dan meningkatkan pendapatan bagi Terjamin.,1.0,1.0,,1.0
Berapa rasio likuiditas paling sedikit yang wajib dijaga oleh Lembaga Penjaminan?,"['-8- \n \n  Pasal 6 \n  (1) Lembaga Penjaminan wajib menjaga likuiditasnya. \n  (2) Rasio likuiditas Lembaga Penjaminan ditetapkan \npaling sedikit 150% (seratus lima  puluh per \nseratus). \n  (3) Rasio likuiditas sebagaimana dimaksud pada ayat', 'BAB V \nKESEHATAN LKM \nPasal 15 \nLKM wajib memelihara tingkat kesehatan melalui \npemenuhan rasio likuiditas dan solvabilitas. \nPasal 16 \n(1) Rasio likuiditas sebagaimana dimaksud dal am Pasal 15 \ndihitung dengan menggunakan cash ratio yang \nmembandingkan kas dan setara kas yang dimiliki \ndengan liabilitas lancar.    \n(2) Bagi LKM yang menyelenggarakan kegiatan usaha \nberdasarkan Prinsip Syariah, rasio likuiditas \nsebagaimana dimaksud pada ayat (1) dihitung dengan \nmenggunakan cash ratio yang membandingkan kas dan \nsetara kas yang dimiliki dengan dana pihak ketiga sesuai \ndengan standar akuntansi keuangan syariah yang \nberlaku umum. \n(3) LKM wajib menjaga rasio likuiditas paling kurang 3% \n(tiga persen).         \nPasal 17 \n(1) Rasio solvabilitas sebagaimana dimaksud dalam Pasal \n15 dihitung dengan membandingkan total aset dengan \ntotal liabilitas. \n(2) LKM wajib menjaga rasio solvabilitas sebagaimana \ndimaksud pada ayat (1) paling kurang 110% (seratus \nsepuluh persen).  \nBAB VI \nPENEMPATAN DANA \nPasal 18 \n(1) LKM hanya dapat menempatkan kelebihan dana yang \ndimilikinya pada:  \na. tabungan...', '(1) Lembaga Penjaminan wajib memiliki cadangan \numum paling sedikit 25% (dua puluh lima per \nseratus) dari laba bersih atau selisih hasil usaha \npada tiap akhir periode laporan tahunan.  \n(2) Cadangan umum sebagaimana dimaksud pada ayat \n(1) hanya dapat dipergunakan un tuk menutup \nkerugian. \n                                                                        BAB III…']",Rasio likuiditas paling sedikit yang wajib dijaga oleh Lembaga Penjaminan adalah 150%.,Rasio likuiditas Lembaga Penjaminan ditetapkan paling sedikit 150% (seratus lima puluh per seratus).,1.0,1.0,0.9999999999,0.7412171238498224
Berapa komisi maksimal yang dapat diberikan kepada agen penjamin dari Imbal Jasa Penjaminan (IJP)?,"['-4- \n \n  20. Imbal Jasa Penjaminan Ulang, yang selanjutnya \ndisingkat IJPU, adalah sejumlah uang yang diterima \noleh Perusahaan Penjaminan Ulang atau \nPerusahaan Penjaminan Ulang Syariah dari \nPerusahaan Penjaminan atau Perusahaan \nPenjaminan Syariah dalam rangka kegiatan usaha \nPenjaminan Ulang. \n  21. Klaim adalah tuntutan pembayaran oleh Penerima \nJaminan kepada Perusahaan Penjaminan atau \nPerusahaan Penjaminan Syariah diakibatkan \nTerjamin tidak dapat memenuhi kewajibannya \nsesuai dengan perjanjian atau tuntutan \npembayaran Perusahaan P enjaminan atau \nPerusahaan Penjaminan Syariah kepada \nPerusahaan Penjaminan Ulang atau Perusahaan \nPenjaminan Ulang Syariah, yang telah membayar \nkewajiban finansial Terjamin kepada Penerima \nJaminan. \n  22. Otoritas Jasa Keuangan adalah lembaga yang \nindependen dan bebas dari campur tangan pihak \nlain yang mempunyai fungsi, tugas dan wewenang \npengaturan, pengawasan, pemeriksaan dan \npenyidikan   sebagaimana dimaksud dalam Undang-\nUndang mengenai Otoritas Jasa Keuangan. \n  BAB II \nKEGIATAN USAHA \n  Pasal 2 \n  (1) Kegiatan usaha Perusahaan Penjaminan atau \nPerusahaan Penjaminan Syariah adalah melakukan', 'fasilitas finansial dari Lembaga Keuangan atau di \nluar Lembaga Keuangan yang dijamin oleh \nPerusahaan Penjaminan atau Perusahaan \nPenjaminan Syariah baik perorangan, badan usaha, \nperseroan terbatas, unit usaha suatu yayasan, \nkoperasi dan usaha mikro, kec il dan menengah \n(UMKM). \n  18. Sertifikat Penjaminan adalah bukti persetujuan \nPenjaminan dari Perusahaan Penjaminan atau \nPerusahaan Penjaminan Syariah kepada Penerima \nJaminan atas kewajiban finansial Terjamin. \n  19. Imbal Jasa Penjaminan, yang selanjutnya disingkat \nIJP, adalah sejumlah uang yang diterima oleh \nPerusahaan Penjaminan atau Perusahaan \nPenjaminan Syariah dari Terjamin dalam rangka \nkegiatan usaha Penjaminan. \n                                                                     20. Imbal…', '(2) harus tercatat di asosiasi perusahaan \npenjaminan Indonesia. \n  (4) Perusahaan Penjaminan atau Perusahaan \nPenjaminan Syariah harus memiliki perjanjian \nkeagenan dengan agen penjamin yang melakukan \npemasaran untuk dan atas nama Perusahaan \nPenjaminan atau Perusahaan Penjaminan Syariah. \n  (5) Semua tindakan agen penjamin yang berkaitan \ndengan transaksi Penjaminan menjadi tanggung \njawab Perusahaan Penjaminan atau Perusahaan \nPenjaminan Syariah yang diageni. \n  (6) Dalam perjanjian keagenan sebagaimana dimaksud \npada ayat (4), Perusahaan Penjaminan atau \nPerusahaan Penjaminan Syari ah harus \nmencantumkan klausula pemberian komisi kepada \nagen Penjamin paling tinggi sebesar 20% (dua puluh \nper seratus) dari IJP.      \n  Pasal 5 \n  Perusahaan Penjaminan dan Perusahaan Penjaminan \nSyariah harus menjadi anggota asosiasi perusahaan \npenjaminan Indonesia. \n                                                                        Pasal 6…']",Komisi maksimal yang dapat diberikan kepada agen penjamin dari Imbal Jasa Penjaminan (IJP) adalah 20% (dua puluh per seratus).,Klausula pemberian komisi kepada agen Penjamin paling tinggi sebesar 20% (dua puluh per seratus) dari IJP.,1.0,1.0,0.3333333333,0.7350394660552493
Berapa persentase minimum cadangan umum dari laba bersih yang wajib dimiliki Lembaga Penjaminan pada tiap akhir periode laporan tahunan?,"['(1) Lembaga Penjaminan wajib memiliki cadangan \numum paling sedikit 25% (dua puluh lima per \nseratus) dari laba bersih atau selisih hasil usaha \npada tiap akhir periode laporan tahunan.  \n(2) Cadangan umum sebagaimana dimaksud pada ayat \n(1) hanya dapat dipergunakan un tuk menutup \nkerugian. \n                                                                        BAB III…', '-23- \n \ndikenakan sanksi administratif peringatan dan \nberakhir dengan sendirinya. \n  Pasal 30 \n  Dalam hal Lembaga Penjaminan memperoleh izin \nusaha kurang dari 6 (enam) bulan hingga tahun \ntakwim berakhir, kewajiban penyampaian laporan \nkeuangan tahunan sebagaimana dimaksud dalam Pasal \n29 mulai berlaku pada tahun takwim berikutnya. \n  BAB XI \nPENGUMUMAN LAPORAN KEUANGAN \n  Pasal 31 \n  (1) Lembaga Penjaminan wajib mengumumkan neraca \ndan perhitungan laba rugi singkat  paling lambat 4 \n(empat) bulan setelah tahun buku berakhir , paling \nsedikit pada 1 (satu) surat kabar harian  di \nIndonesia yang memiliki peredaran luas di lingkup \nwilayah operasional. \n  (2) Lembaga Penjaminan wajib melaporkan \npelaksanaan pengumuman sebagaimana dimaksud \npada ayat (1) secara tertulis kepada Otoritas Jasa \nKeuangan paling lambat 30 (tiga puluh) hari setelah \npelaksanaan pengumuman, dilampiri dengan bukti \npengumuman. \n  (3) Lembaga Penjaminan yang menyampaikan \npengumuman serta pelaporan sebagaimana \ndimaksud dalamayat (1) dan (2), namun telah lewat \ndari jangka waktu pe nyampaian, dikenakan sanksi \nadministratif peringatan dan berakhir dengan  \nsendirinya. \n  BAB XII \nSANKSI ADMINISTRATIF', 'Pasal 35 \n(1) Perusahaan Pergadaian wajib menyampaikan laporan \nsecara berkala setiap 3 (tiga) bulan untuk periode \nyang berakhir pada tanggal 31 Maret, 30 Juni, 30 \nSeptember, dan 31 Desember kepada OJK. \n(2) Selain laporan berkala sebagaimana dimaksud pada \nayat (1), Perusahaan Pergadaian wajib \nmenyampaikan laporan sewaktu-waktu bila \ndiperlukan oleh OJK. \n(3) Perusahaan Pergadaian yang menyelenggarakan \nsebagian kegiatan usaha berdasarkan Prinsip Syariah \nwajib menyampaikan laporan kegiatan usaha yang \ndilakukan berdasarkan Prinsip Syariah dalam \nlaporan berkala sebagaimana dimaksud pada ayat \n(1). \n(4) Laporan sebagaimana dimaksud pada ayat (1) wajib \ndisampaikan kepada OJK paling lambat pada akhir \nbulan berikutnya. \n(5) Apabila batas akhir penyampaian laporan \nsebagaimana dimaksud pada ayat (4) jatuh pada hari \nlibur, batas akhir penyampaian laporan adalah hari \nkerja pertama berikutnya. \n(6) Laporan sebagaimana dimaksud pada ayat (1) \ndisampaikan oleh Perusahaan Pergadaian berupa: \na. profil Perusahaan Pergadaian; \nb.  laporan keuangan; dan \nc. laporan operasional.']",Lembaga Penjaminan wajib memiliki cadangan umum paling sedikit 25% dari laba bersih atau selisih hasil usaha pada tiap akhir periode laporan tahunan.,Lembaga Penjaminan wajib memiliki cadangan umum paling sedikit 25% (dua puluh lima per seratus) dari laba bersih atau selisih hasil usaha pada tiap akhir periode laporan tahunan.,1.0,1.0,0.9999999999,0.998672429214357
Apa tujuan dilakukannya Pemeriksaan terhadap Lembaga Penjaminan oleh Otoritas Jasa Keuangan?,"['OTORITAS JASA KEUANGAN  \nREPUBLIK INDONESIA \n \nSALINAN \nPERATURAN OTORITAS JASA KEUANGAN \nNOMOR 7/POJK.05/2014 \n \nTENTANG \nPEMERIKSAAN LEMBAGA PENJAMINAN \n \nDENGAN RAHMAT TUHAN YANG MAHA ESA \nDEWAN KOMISIONER OTORITAS JASA KEUANGAN, \n \n \nMenimbang : a. Bahwa dalam rangka efektivitas pelaksanaan \npembinaan dan pengawasan terhadap Lembaga \nPenjaminan,perlu dilakukan pemeriksaan terhadap \nLembaga Penjaminan guna meningkatkan kepatuhan \nterhadap ketentuan yang berlaku di bidang  Lembaga \nPenjaminan; \n  b. Bahwa berdasarkan pertimbangan sebagaimana \ndimaksud pada huruf a di atas, perlu  menetapkan \nPeraturan Otoritas Jasa Keuangan tentang \nPemeriksaan Lembaga Penjaminan; \nMengingat : 1. Undang-Undang Nomor 21 Tahun 2011 tentang \nOtoritas Jasa Keuangan (Lembaran Negara Republik \nIndonesia Tahun 2011 Nomor 111, Tambahan \nLembaran Negara Republik Indonesia Nomor 5253); \n  2. Peraturan Presiden Nomor 2 Tahun 2008  tentang \nLembaga Penjaminan; \n  MEMUTUSKAN \nMenetapkan : PERATURAN OTORITAS JASA KEUANGAN TENTANG  \nPEMERIKSAAN LEMBAGA PENJAMINAN \n \n  BAB I \nKETENTUAN UMUM \n  Pasal 1 \n  Dalam Peraturan Otoritas Jasa Keuangan ini yang \ndimaksud dengan:', '-3- \n \ndisampaikan kepada Lembaga Penjaminan yang akan  \ndiperiksa. \n  13. Otoritas Jasa Keuangan adalah lembaga yang \nindependen dan bebas dari campur tangan pihak lain \nyang mempunyai  fungsi, tugas  dan wewenang \npengaturan, pengawasan, pemeriksaan dan penyidikan \nsebagaimana dimaksud dalam Undang-Undang \nmengenai Otoritas Jasa Keuangan.      \n \n  BAB II \nPEMERIKSAAN \n  Pasal 2 \n  (1) Dalam rangka pelaksanaan fungsi pengawasan,  \nOtoritas Jasa Keuangan melakukan Pemeriksaan \nterhadap Lembaga Penjaminan.  \n  (2) Pemeriksaan bertujuan untuk: \na. Memperoleh keyakinan mengenai kondisi Lembaga \nPenjaminan yang sebenarnya; \nb. Meneliti kesesuaian kondisi Lembaga Penjaminan \ndengan peraturan perundang-undangan serta \nstandar, prinsip, dan  praktik penyelenggaraan \nusaha Penjaminan atau Penjaminan Ulang yang \nsehat; dan \nc. Memastikan bahwa Lembaga Penjaminan telah \nmelakukan upaya untuk dapat memenuhi \nkewajiban kepada Penerima Jaminan.    \n  Pasal 3 \n  (1) Pelaksanaan Pemeriksaan terhadap setiap Lembaga \nPenjaminan dilakukan: \na. secara berkala paling sedikit 1 ( satu) kali dalam 1 \n(satu) tahun; atau', 'PENJELASAN \nATAS \nPERATURAN OTORITAS JASA KEUANGAN \nNOMOR 7/POJK.05/2014 \nTENTANG  \nPEMERIKSAAN LEMBAGA PENJAMINAN \nI. UMUM \nLembaga Penjaminan adalah sebagai salah satu lembaga keuangan non \nbank yang diharapkan mampu untuk menjembatani akses UMKM pada \nfasilitas pembiayaan perbankan, sehingga diharapkan dengan tumbuhnya \nsektor UMKM dapat berdampak pada pertumbuhan ekonomi nasional. \nUntuk itu diperlukan pengelolaan kegiatan usaha yang efektif dan efisien \nyang dilaksanakan oleh Lembaga Penjaminan guna m ewujudkan tujuan \ndimaksud. Untuk memastikan adanya efektivitas dalam pengelolaan \nkegiatan usaha Lembaga Penjaminan termasuk kepatuhan terhadap \nketentuan yang berlaku, perlu dilakukan pengawasan yang bersifat on site \nsupervision dalam bentuk pemeriksaan langsung.   \nDengan telah disahkannya Undang-Undang Nomor 21 Tahun 2011 tentang \nOtoritas Jasa Keuangan pada tanggal 22 November 2011, maka tugas \npengawasan atas Lembaga Penjaminan  beralih kepada Otoritas Jasa \nKeuangan sejak tanggal 31 Desember 2012 , tentunya dibutuhkan landasan \nhukum bagi Otoritas Jasa Keuangan dalam menjalankan fungsi dan \nkewenangannya dalam mengawasi Lembaga Penjaminan dalam bentuk']","Pemeriksaan bertujuan untuk memperoleh keyakinan mengenai kondisi Lembaga Penjaminan yang sebenarnya, meneliti kesesuaian kondisi dengan peraturan perundang-undangan serta standar, prinsip, dan praktik penyelenggaraan usaha Penjaminan atau Penjaminan Ulang yang sehat, dan memastikan Lembaga Penjaminan telah melakukan upaya untuk memenuhi kewajiban kepada Penerima Jaminan.","Pemeriksaan bertujuan untuk memperoleh keyakinan mengenai kondisi Lembaga Penjaminan yang sebenarnya, meneliti kesesuaian kondisi dengan peraturan perundang-undangan dan praktik yang sehat, serta memastikan bahwa Lembaga Penjaminan telah melakukan upaya pemenuhan kewajiban kepada Penerima Jaminan.",1.0,1.0,0.99999999995,0.8894508204874358
Berapa kali sekurang-kurangnya pemeriksaan berkala dilakukan terhadap Lembaga Penjaminan dalam satu tahun?,"['a. secara berkala paling sedikit 1 ( satu) kali dalam 1 \n(satu) tahun; atau  \nb. setiap waktu bila diperlukan.   \n  (2) Pemeriksaan berkala sebagaimana dimaksud pada \nayat (1) meliputi pemeriksaan atas substansi laporan \nberkala dan kepatuhan terhadap peraturan \nperundang-undangan di bidang lembaga penjaminan. \n  (3) Pemeriksaan setiap waktu sebagaimana dimaksud \npada ayat (1) huruf b merupakan Pemeriksaan yang \nbersifat khusus dan dilakukan apabila: \na. berdasarkan hasil analisis atas laporan berkala \nLembaga   Penjaminan,     patut    diduga    bahwa  \n \n                                                   penyelenggaraan...', '-3- \n \ndisampaikan kepada Lembaga Penjaminan yang akan  \ndiperiksa. \n  13. Otoritas Jasa Keuangan adalah lembaga yang \nindependen dan bebas dari campur tangan pihak lain \nyang mempunyai  fungsi, tugas  dan wewenang \npengaturan, pengawasan, pemeriksaan dan penyidikan \nsebagaimana dimaksud dalam Undang-Undang \nmengenai Otoritas Jasa Keuangan.      \n \n  BAB II \nPEMERIKSAAN \n  Pasal 2 \n  (1) Dalam rangka pelaksanaan fungsi pengawasan,  \nOtoritas Jasa Keuangan melakukan Pemeriksaan \nterhadap Lembaga Penjaminan.  \n  (2) Pemeriksaan bertujuan untuk: \na. Memperoleh keyakinan mengenai kondisi Lembaga \nPenjaminan yang sebenarnya; \nb. Meneliti kesesuaian kondisi Lembaga Penjaminan \ndengan peraturan perundang-undangan serta \nstandar, prinsip, dan  praktik penyelenggaraan \nusaha Penjaminan atau Penjaminan Ulang yang \nsehat; dan \nc. Memastikan bahwa Lembaga Penjaminan telah \nmelakukan upaya untuk dapat memenuhi \nkewajiban kepada Penerima Jaminan.    \n  Pasal 3 \n  (1) Pelaksanaan Pemeriksaan terhadap setiap Lembaga \nPenjaminan dilakukan: \na. secara berkala paling sedikit 1 ( satu) kali dalam 1 \n(satu) tahun; atau', 'c. terdapat alasan khusus yang mendasari perlunya \ndilakukan Pemeriksaan, antara lain: \n1. verifikasi kegiatan operasional Lembaga \nPenjaminan;    \n2. penggabungan; \n3. peleburan; \n4. pengambilalihan; dan/atau \n5. pengalihan portofolio Penjaminan atau \nPenjaminan Ulang. \n  (4) Pemeriksaan sebagaimana dimaksud pada ayat (1) \ndimuat dalam rencana pemeriksaan tahunan yang \nditetapkan oleh OtoritasJasaKeuangan. \n  Pasal 4 \n  (1) Pemeriksaan sebagaimana dimaksud dalam Pasal 3 \ndilaksanakan oleh Pemeriksa berdasarkan Surat \nPerintah Pemeriksaan dan Surat Pemberitahuan \nPemeriksaan.  \n  (2) Sebelum dilakukan Pemeriksaan sebagaimana \ndimaksud pada ayat (1) terlebih dahulu disampaikan \nSurat Pe mberitahuan Pemeriksaan kepada Lembaga \nPenjaminan.']",Pemeriksaan berkala dilakukan paling sedikit 1 (satu) kali dalam 1 (satu) tahun.,Pelaksanaan Pemeriksaan terhadap setiap Lembaga Penjaminan secara berkala dilakukan paling sedikit 1 (satu) kali dalam 1 (satu) tahun.,1.0,1.0,0.99999999995,0.9820215747110501
Bagaimana tahap Pemeriksaan Lembaga Penjaminan yang dilakukan oleh OJK?,"['c. terdapat alasan khusus yang mendasari perlunya \ndilakukan Pemeriksaan, antara lain: \n1. verifikasi kegiatan operasional Lembaga \nPenjaminan;    \n2. penggabungan; \n3. peleburan; \n4. pengambilalihan; dan/atau \n5. pengalihan portofolio Penjaminan atau \nPenjaminan Ulang. \n  (4) Pemeriksaan sebagaimana dimaksud pada ayat (1) \ndimuat dalam rencana pemeriksaan tahunan yang \nditetapkan oleh OtoritasJasaKeuangan. \n  Pasal 4 \n  (1) Pemeriksaan sebagaimana dimaksud dalam Pasal 3 \ndilaksanakan oleh Pemeriksa berdasarkan Surat \nPerintah Pemeriksaan dan Surat Pemberitahuan \nPemeriksaan.  \n  (2) Sebelum dilakukan Pemeriksaan sebagaimana \ndimaksud pada ayat (1) terlebih dahulu disampaikan \nSurat Pe mberitahuan Pemeriksaan kepada Lembaga \nPenjaminan.', 'PENJELASAN \nATAS \nPERATURAN OTORITAS JASA KEUANGAN \nNOMOR 7/POJK.05/2014 \nTENTANG  \nPEMERIKSAAN LEMBAGA PENJAMINAN \nI. UMUM \nLembaga Penjaminan adalah sebagai salah satu lembaga keuangan non \nbank yang diharapkan mampu untuk menjembatani akses UMKM pada \nfasilitas pembiayaan perbankan, sehingga diharapkan dengan tumbuhnya \nsektor UMKM dapat berdampak pada pertumbuhan ekonomi nasional. \nUntuk itu diperlukan pengelolaan kegiatan usaha yang efektif dan efisien \nyang dilaksanakan oleh Lembaga Penjaminan guna m ewujudkan tujuan \ndimaksud. Untuk memastikan adanya efektivitas dalam pengelolaan \nkegiatan usaha Lembaga Penjaminan termasuk kepatuhan terhadap \nketentuan yang berlaku, perlu dilakukan pengawasan yang bersifat on site \nsupervision dalam bentuk pemeriksaan langsung.   \nDengan telah disahkannya Undang-Undang Nomor 21 Tahun 2011 tentang \nOtoritas Jasa Keuangan pada tanggal 22 November 2011, maka tugas \npengawasan atas Lembaga Penjaminan  beralih kepada Otoritas Jasa \nKeuangan sejak tanggal 31 Desember 2012 , tentunya dibutuhkan landasan \nhukum bagi Otoritas Jasa Keuangan dalam menjalankan fungsi dan \nkewenangannya dalam mengawasi Lembaga Penjaminan dalam bentuk', '- 35 - \n \n(2) Pengawasan terhadap Perusahaan Pergadaian \ndilakukan berdasarkan Peraturan OJK ini dan \nperaturan pelaksanaannya. \n \nBagian Kedua \nPemeriksaan Perusahaan Pergadaian \n \nPasal 42 \n(1) Dalam rangka pelaksanaan fungsi pengawasan \nsebagaimana dimaksud dalam Pasal 41 ayat (1), OJK \nberwenang melakukan Pemeriksaan terhadap \nPerusahaan Pergadaian. \n(2) Pemeriksaan sebagaimana dimaksud pada ayat (1) \ndilakukan oleh tim Pemeriksa yang dapat terdiri dari: \na. pegawai OJK yang ditugaskan untuk melakukan \nPemeriksaan; \nb. pihak lain yang ditunjuk oleh OJK; atau \nc. gabungan antara pegawai OJK dan pihak lain \nyang ditunjuk oleh OJK. \n \nPasal 43 \nPelaksanaan Pemeriksaan terhadap setiap Perusahaan \nPergadaian dilakukan: \na. secara berkala sesuai dengan rencana Pemeriksaan \ntahunan yang ditetapkan oleh OJK; dan/atau \nb. setiap waktu bila diperlukan. \n \nPasal 44 \n(1) Pemeriksaan sebagaimana dimaksud dalam Pasal 43 \ndilaksanakan oleh Pemeriksa berdasarkan surat \nperintah Pemeriksaan dan surat pemberitahuan \nPemeriksaan. \n(2) Sebelum dilakukan Pemeriksaan sebagaimana \ndimaksud pada ayat (1) terlebih dahulu disampaikan \nsurat pemberitahuan Pemeriksaan kepada \nPerusahaan Pergadaian.']",Pemeriksaan Lembaga Penjaminan dilakukan berdasarkan Surat Perintah Pemeriksaan dan Surat Pemberitahuan Pemeriksaan yang terlebih dahulu disampaikan kepada Lembaga Penjaminan.,Pemeriksaan berkala meliputi pemeriksaan atas substansi laporan berkala dan kepatuhan terhadap peraturan perundang-undangan di bidang lembaga penjaminan.,1.0,0.0,0.0,0.2234974419254038
Berapa batas nominal terendah Pinjaman atau Pembiayaan yang wajib dilayani oleh Lembaga Keuangan Mikro (LKM)?,"['Pasal 5 \nLKM wajib mengumumkan suku bunga maksimum \nPinjaman atau imbal hasil maksimum Pembiayaan \nsebagaimana dimaksud dalam Pasal 4 melalui surat kabar \nharian lokal atau papan pengumuman di kantor LKM yang \nmudah diketahui oleh masyarakat.                  \nPasal 6 \n(1)  Batas Pinjaman atau Pembiayaan terendah yang dilayani \noleh LKM sebesar Rp50.000,- (lima puluh ribu Rupiah). \n(2) LKM dilarang menolak batas Pinjaman atau Pembiayaan \nterendah sebagaimana dimaksud pada ayat (1). \n \n        Pasal 7...', '-5- \n \nPasal 7 \n(1)  LKM setiap saat wajib memenuhi batas maksimum \npemberian Pinjaman atau Pembiayaan kepada setiap \nnasabah. \n(2) Batas maksimum pemberian Pinjaman atau Pembiayaan \nsebagaimana dimaksud pada ayat (1) ditetapkan sebagai \nberikut: \na. paling tinggi 10% (sepuluh persen) dari modal LKM \nuntuk nasabah kelompok; \nb. paling tinggi 5% (lima persen) dari modal LKM untuk \n1 (satu) nasabah.            \n(3) Modal LKM sebagaimana dimaksud pada ayat (2) \ndihitung dari: \na. penjumlahan dari modal disetor, tambahan modal \ndisetor, cadangan, hibah , dan saldo laba atau rug i \ndalam hal LKM berbentuk badan hukum perseroan \nterbatas; atau \nb. penjumlahan dari simpanan pokok, simpanan wajib, \ndana cadangan, hibah, dan sisa hasil usaha, dalam \nhal LKM berbentuk badan hukum koperasi.', 'Pasal 8 \n(1) LKM wajib melakukan penilaian kualitas Pinjaman atau \nPembiayaan yang disalurkan. \n(2) Penilaian kualitas Pinjaman atau Pembiayaan \nsebagaimana dimaksud pada ayat (1) ditetapkan menjadi \n3 (tiga) kelompok yaitu: \na. lancar; \nb. diragukan; dan \nc. macet. \n(3) Ketentuan mengenai parameter pengukuran kualitas \nPinjaman atau Pembiayaan  sebagaimana tercantum \ndalam Lampiran II I yang merupakan bagian yang tidak \nterpisahkan dari Peraturan OJK ini. \nPasal 9 \nLKM wajib membentuk penyisihan penghapusan Pinjaman \natau Pembiayaan paling kurang:  \na. 0%...']","Batas Pinjaman atau Pembiayaan terendah yang wajib dilayani oleh LKM adalah Rp50.000,- (lima puluh ribu Rupiah).","Batas Pinjaman atau Pembiayaan terendah yang dilayani oleh LKM adalah sebesar Rp50.000,- (lima puluh ribu Rupiah).",1.0,1.0,0.9999999999,0.9987540619643125
Berapa batas maksimum pemberian Pinjaman atau Pembiayaan Lembaga Keuangan Mikro (LKM) untuk nasabah kelompok?,"['-5- \n \nPasal 7 \n(1)  LKM setiap saat wajib memenuhi batas maksimum \npemberian Pinjaman atau Pembiayaan kepada setiap \nnasabah. \n(2) Batas maksimum pemberian Pinjaman atau Pembiayaan \nsebagaimana dimaksud pada ayat (1) ditetapkan sebagai \nberikut: \na. paling tinggi 10% (sepuluh persen) dari modal LKM \nuntuk nasabah kelompok; \nb. paling tinggi 5% (lima persen) dari modal LKM untuk \n1 (satu) nasabah.            \n(3) Modal LKM sebagaimana dimaksud pada ayat (2) \ndihitung dari: \na. penjumlahan dari modal disetor, tambahan modal \ndisetor, cadangan, hibah , dan saldo laba atau rug i \ndalam hal LKM berbentuk badan hukum perseroan \nterbatas; atau \nb. penjumlahan dari simpanan pokok, simpanan wajib, \ndana cadangan, hibah, dan sisa hasil usaha, dalam \nhal LKM berbentuk badan hukum koperasi.', 'Bagian Ketiga \nBatasan Pemberian Pinjaman Dana \n \nPasal 6 \n(1) Penyelenggara wajib memenuhi ketentuan batas \nmaksimum total pemberian pinjaman dana k epada \nsetiap Penerima Pinjaman.', 'Pasal 5 \nLKM wajib mengumumkan suku bunga maksimum \nPinjaman atau imbal hasil maksimum Pembiayaan \nsebagaimana dimaksud dalam Pasal 4 melalui surat kabar \nharian lokal atau papan pengumuman di kantor LKM yang \nmudah diketahui oleh masyarakat.                  \nPasal 6 \n(1)  Batas Pinjaman atau Pembiayaan terendah yang dilayani \noleh LKM sebesar Rp50.000,- (lima puluh ribu Rupiah). \n(2) LKM dilarang menolak batas Pinjaman atau Pembiayaan \nterendah sebagaimana dimaksud pada ayat (1). \n \n        Pasal 7...']",Batas maksimum pemberian Pinjaman atau Pembiayaan LKM untuk nasabah kelompok adalah paling tinggi 10% (sepuluh persen) dari modal LKM.,Batas maksimum pemberian Pinjaman atau Pembiayaan untuk nasabah kelompok ditetapkan paling tinggi 10% (sepuluh persen) dari modal LKM.,1.0,1.0,0.9999999999,0.9981724283399573
Dari mana saja sumber pendanaan Lembaga Keuangan Mikro (LKM) dapat berasal?,"['-2- \n \n1. Lembaga Keuangan Mikro yang selanjutnya disingkat \nLKM adalah lembaga keuangan yang khusus didirikan \nuntuk memberikan jasa pengembangan usaha dan \npemberdayaan masyarakat, baik melalui pinjaman atau \npembiayaan dalam usaha skala mikro kepada anggota \ndan masyarakat, pengelolaa n simpanan, maupun \npemberian jasa konsultasi pengembangan usaha yang \ntidak semata-mata mencari keuntungan. \n2. Pinjaman adalah penyediaan dana oleh LKM kepada \nmasyarakat yang harus dikembalikan sesuai dengan \nyang diperjanjikan. \n3. Pembiayaan adalah penyediaan dan a oleh LKM kepada \nmasyarakat yang harus dikembalikan sesuai dengan \nyang diperjanjikan dengan prinsip syariah. \n4. Simpanan adalah dana yang dipercayakan oleh \nmasyarakat kepada LKM dalam bentuk tabungan \ndan/atau deposito berdasarkan perjanjian penyimpanan \ndana. \n5. Penyimpan adalah pihak yang menempatkan dananya \npada LKM berdasarkan perjanjian. \n6. Prinsip Syariah adalah ketentuan hukum Islam \nberdasarkan fatwa atau pernyataan kesesuaian syariah \ndari Dewan Syariah Nasional Majelis Ulama Indonesia  \n(DSN MUI). \n7. Direksi:', 'Pasal 1 \nDalam Peraturan Otoritas Jasa Keuangan  ini yang \ndimaksud dengan: \n1. Lembaga Keuangan Mikro yang selanjutnya disingkat \nLKM adalah lembaga keuangan yang khusus didirikan \nuntuk memberikan jasa pengembangan usaha dan \npemberdayaan masyarakat, baik melalui pinjaman atau \npembiayaan dalam usaha skala mikro kepada anggota \ndan masyarakat, pengelolaan simpanan, maupun \npemberian jasa konsultasi pengembangan usaha yang \ntidak semata-mata mencari keuntungan. \n2. Pinjaman adalah penyediaan dana oleh LKM kepada \nmasyarakat yang harus dikembalikan sesuai dengan \nyang diperjanjikan. \n3. Pembiayaan adalah penyediaan dana oleh LKM kepada \nmasyarakat yang harus dikembalikan sesuai dengan \nyang diperjanjikan dengan prinsip syariah. \n4. Simpanan adalah dana yang dipercayakan oleh \nmasyarakat kepada LKM dalam bentuk tabungan \ndan/atau deposito berdasarkan perjanjian penyimpanan \ndana. \n5. Penyimpan adalah pihak yang menempatkan dananya \npada LKM berdasarkan perjanjian. \n6. Prinsip Syariah adalah ketentuan hukum Islam \nberdasarkan fatwa atau pernyataan kesesuaian syariah \ndari Dewan Syariah Nasional Majelis Ulama Indonesia  \n(DSN MUI). \n7. Direksi:', '-6- \n \na. 0% (nol perse n) dari Pinjaman atau Pembiayaan \ndengan kualitas lancar;   \nb. 50% (lima puluh perse n) dari Pinjaman atau \nPembiayaan dengan kualitas diragukan; dan \nc. 100% (seratus perse n) dari Pinjaman atau \nPembiayaan dengan kualitas macet. \nBagian Ketiga \nPengelolaan Simpanan \nPasal 10 \nDalam menjalankan kegiatan pengelolaan Simpanan \nsebagaimana dimaksud dalam Pasal 2 ayat (1), LKM wajib \nmengadministrasikan Simpanan Penyimpan dan \nmemberikan tanda bukti Simpanan.      \nPasal 11 \n(1)  LKM dilarang menolak batas nilai minimum untuk \nlayanan pembukaan Simpanan. \n(2) Batas nilai minimum sebagaimana dimaksud pada ayat \n(1) ditetapkan sebesar Rp5.000,- (lima ribu Rupiah). \nBAB III \nSUMBER PENDANAAN \nPasal 12 \n(1)  Sumber pendanaan LKM hanya dapat berasal dari: \na. ekuitas; \nb. Simpanan; \nc. pinjaman; dan/atau   \nd. hibah. \n(2) LKM dilarang menerima pinjaman sebagaimana \ndimaksud pada ayat (1) huruf c kecuali dari warga \nnegara Indonesia dan /atau badan usaha yang didirikan \ndan beroperasi di wilayah Republik Indonesia \nberdasarkan perjanjian pinjam meminjam. \n \n \n \n \n \nBAB IV...']","Sumber pendanaan LKM hanya dapat berasal dari ekuitas, Simpanan, pinjaman, dan/atau hibah.","Sumber pendanaan LKM hanya dapat berasal dari: ekuitas, Simpanan, pinjaman, dan/atau hibah.",1.0,1.0,0.3333333333,0.9993841927981405
Berapa nilai minimum layanan pembukaan Simpanan yang tidak boleh ditolak oleh Lembaga Keuangan Mikro (LKM)?,"['Pasal 21 \n(1) Perusahaan Pergadaian wajib memenuhi nilai \nminimum perbandingan antara Uang Pinjaman dan \nnilai taksiran Barang Jaminan dalam memberikan \nUang Pinjaman kepada Nasabah, kecuali apabila \nNasabah menyatakan secara tertulis menghendaki \nUang Pinjaman yang lebih rendah. \n(2) Ketentuan lebih lanjut mengenai nilai minimum \nperbandingan antara Uang Pinjaman dan nilai \ntaksiran Barang Jaminan sebagaimana dimaksud \npada ayat (1) diatur dalam Surat Edaran OJK.', '-6- \n \na. 0% (nol perse n) dari Pinjaman atau Pembiayaan \ndengan kualitas lancar;   \nb. 50% (lima puluh perse n) dari Pinjaman atau \nPembiayaan dengan kualitas diragukan; dan \nc. 100% (seratus perse n) dari Pinjaman atau \nPembiayaan dengan kualitas macet. \nBagian Ketiga \nPengelolaan Simpanan \nPasal 10 \nDalam menjalankan kegiatan pengelolaan Simpanan \nsebagaimana dimaksud dalam Pasal 2 ayat (1), LKM wajib \nmengadministrasikan Simpanan Penyimpan dan \nmemberikan tanda bukti Simpanan.      \nPasal 11 \n(1)  LKM dilarang menolak batas nilai minimum untuk \nlayanan pembukaan Simpanan. \n(2) Batas nilai minimum sebagaimana dimaksud pada ayat \n(1) ditetapkan sebesar Rp5.000,- (lima ribu Rupiah). \nBAB III \nSUMBER PENDANAAN \nPasal 12 \n(1)  Sumber pendanaan LKM hanya dapat berasal dari: \na. ekuitas; \nb. Simpanan; \nc. pinjaman; dan/atau   \nd. hibah. \n(2) LKM dilarang menerima pinjaman sebagaimana \ndimaksud pada ayat (1) huruf c kecuali dari warga \nnegara Indonesia dan /atau badan usaha yang didirikan \ndan beroperasi di wilayah Republik Indonesia \nberdasarkan perjanjian pinjam meminjam. \n \n \n \n \n \nBAB IV...', '-2- \n \n1. Lembaga Keuangan Mikro yang selanjutnya disingkat \nLKM adalah lembaga keuangan yang khusus didirikan \nuntuk memberikan jasa pengembangan usaha dan \npemberdayaan masyarakat, baik melalui pinjaman atau \npembiayaan dalam usaha skala mikro kepada anggota \ndan masyarakat, pengelolaa n simpanan, maupun \npemberian jasa konsultasi pengembangan usaha yang \ntidak semata-mata mencari keuntungan. \n2. Pinjaman adalah penyediaan dana oleh LKM kepada \nmasyarakat yang harus dikembalikan sesuai dengan \nyang diperjanjikan. \n3. Pembiayaan adalah penyediaan dan a oleh LKM kepada \nmasyarakat yang harus dikembalikan sesuai dengan \nyang diperjanjikan dengan prinsip syariah. \n4. Simpanan adalah dana yang dipercayakan oleh \nmasyarakat kepada LKM dalam bentuk tabungan \ndan/atau deposito berdasarkan perjanjian penyimpanan \ndana. \n5. Penyimpan adalah pihak yang menempatkan dananya \npada LKM berdasarkan perjanjian. \n6. Prinsip Syariah adalah ketentuan hukum Islam \nberdasarkan fatwa atau pernyataan kesesuaian syariah \ndari Dewan Syariah Nasional Majelis Ulama Indonesia  \n(DSN MUI). \n7. Direksi:']","Batas nilai minimum layanan pembukaan Simpanan yang tidak boleh ditolak oleh LKM adalah Rp5.000,- (lima ribu Rupiah).","Batas nilai minimum untuk layanan pembukaan Simpanan ditetapkan sebesar Rp5.000,- (lima ribu Rupiah).",1.0,1.0,0.49999999995,0.9885378716717965
Bagaimana pengelompokkan penilaian kualitas Pinjaman atau Pembiayaan di Lembaga Keuangan Mikro (LKM)?,"['Pasal 8 \n(1) LKM wajib melakukan penilaian kualitas Pinjaman atau \nPembiayaan yang disalurkan. \n(2) Penilaian kualitas Pinjaman atau Pembiayaan \nsebagaimana dimaksud pada ayat (1) ditetapkan menjadi \n3 (tiga) kelompok yaitu: \na. lancar; \nb. diragukan; dan \nc. macet. \n(3) Ketentuan mengenai parameter pengukuran kualitas \nPinjaman atau Pembiayaan  sebagaimana tercantum \ndalam Lampiran II I yang merupakan bagian yang tidak \nterpisahkan dari Peraturan OJK ini. \nPasal 9 \nLKM wajib membentuk penyisihan penghapusan Pinjaman \natau Pembiayaan paling kurang:  \na. 0%...', '-6- \n \na. 0% (nol perse n) dari Pinjaman atau Pembiayaan \ndengan kualitas lancar;   \nb. 50% (lima puluh perse n) dari Pinjaman atau \nPembiayaan dengan kualitas diragukan; dan \nc. 100% (seratus perse n) dari Pinjaman atau \nPembiayaan dengan kualitas macet. \nBagian Ketiga \nPengelolaan Simpanan \nPasal 10 \nDalam menjalankan kegiatan pengelolaan Simpanan \nsebagaimana dimaksud dalam Pasal 2 ayat (1), LKM wajib \nmengadministrasikan Simpanan Penyimpan dan \nmemberikan tanda bukti Simpanan.      \nPasal 11 \n(1)  LKM dilarang menolak batas nilai minimum untuk \nlayanan pembukaan Simpanan. \n(2) Batas nilai minimum sebagaimana dimaksud pada ayat \n(1) ditetapkan sebesar Rp5.000,- (lima ribu Rupiah). \nBAB III \nSUMBER PENDANAAN \nPasal 12 \n(1)  Sumber pendanaan LKM hanya dapat berasal dari: \na. ekuitas; \nb. Simpanan; \nc. pinjaman; dan/atau   \nd. hibah. \n(2) LKM dilarang menerima pinjaman sebagaimana \ndimaksud pada ayat (1) huruf c kecuali dari warga \nnegara Indonesia dan /atau badan usaha yang didirikan \ndan beroperasi di wilayah Republik Indonesia \nberdasarkan perjanjian pinjam meminjam. \n \n \n \n \n \nBAB IV...', 'BAB II \nKEGIATAN USAHA \nBagian Kesatu \nUmum \nPasal 2 \n(1) Kegiatan usaha LKM meliputi jasa pengembangan usaha \ndan pemberdayaan masyarakat, baik melalui Pinjaman \natau Pembiayaan dalam usaha skala mikro kepada \nanggota dan masyarakat, pengelolaan Simpanan, \nmaupun pemberian jasa konsultasi pengembangan \nusaha. \n(2) Kegiatan usaha sebagaimana dimaksud pada ayat (1) \ndapat dilakukan secara konvensional atau berdasarkan \nPrinsip Syariah. \nBagian Kedua \nPenyaluran Pinjaman atau Pembiayaan \nPasal 3 \n(1) Dalam menjalankan kegiatan usaha penyaluran \nPinjaman atau Pembiayaan sebagaimana dimaksud \ndalam Pasal 2 ayat (1), LKM wajib m elakukan analisis \natas kelayakan penyaluran Pinjaman atau Pembiayaan. \n(2) Penyaluran Pinjaman atau Pembiayaan sebagaimana \ndimaksud pada ayat (1) dilakukan dalam rangka \npengembangan usaha dan pemberdayaan masyarakat. \nPasal 4 \n(1) Dalam menjalankan kegiatan penyaluran Pinjaman atau \nPembiayaan kepada anggota atau masyarakat, LKM \nmenetapkan...']","Pengelompokkan penilaian kualitas Pinjaman atau Pembiayaan di LKM terdiri dari lancar, diragukan, dan macet.","Penilaian kualitas Pinjaman atau Pembiayaan ditetapkan menjadi 3 (tiga) kelompok yaitu: lancar, diragukan, dan macet.",1.0,1.0,0.99999999995,0.8400851749231423
Berapa persentase penyisihan penghapusan Pinjaman atau Pembiayaan yang wajib dibentuk LKM untuk kredit dengan kualitas diragukan?,"['-6- \n \na. 0% (nol perse n) dari Pinjaman atau Pembiayaan \ndengan kualitas lancar;   \nb. 50% (lima puluh perse n) dari Pinjaman atau \nPembiayaan dengan kualitas diragukan; dan \nc. 100% (seratus perse n) dari Pinjaman atau \nPembiayaan dengan kualitas macet. \nBagian Ketiga \nPengelolaan Simpanan \nPasal 10 \nDalam menjalankan kegiatan pengelolaan Simpanan \nsebagaimana dimaksud dalam Pasal 2 ayat (1), LKM wajib \nmengadministrasikan Simpanan Penyimpan dan \nmemberikan tanda bukti Simpanan.      \nPasal 11 \n(1)  LKM dilarang menolak batas nilai minimum untuk \nlayanan pembukaan Simpanan. \n(2) Batas nilai minimum sebagaimana dimaksud pada ayat \n(1) ditetapkan sebesar Rp5.000,- (lima ribu Rupiah). \nBAB III \nSUMBER PENDANAAN \nPasal 12 \n(1)  Sumber pendanaan LKM hanya dapat berasal dari: \na. ekuitas; \nb. Simpanan; \nc. pinjaman; dan/atau   \nd. hibah. \n(2) LKM dilarang menerima pinjaman sebagaimana \ndimaksud pada ayat (1) huruf c kecuali dari warga \nnegara Indonesia dan /atau badan usaha yang didirikan \ndan beroperasi di wilayah Republik Indonesia \nberdasarkan perjanjian pinjam meminjam. \n \n \n \n \n \nBAB IV...', 'Pasal 8 \n(1) LKM wajib melakukan penilaian kualitas Pinjaman atau \nPembiayaan yang disalurkan. \n(2) Penilaian kualitas Pinjaman atau Pembiayaan \nsebagaimana dimaksud pada ayat (1) ditetapkan menjadi \n3 (tiga) kelompok yaitu: \na. lancar; \nb. diragukan; dan \nc. macet. \n(3) Ketentuan mengenai parameter pengukuran kualitas \nPinjaman atau Pembiayaan  sebagaimana tercantum \ndalam Lampiran II I yang merupakan bagian yang tidak \nterpisahkan dari Peraturan OJK ini. \nPasal 9 \nLKM wajib membentuk penyisihan penghapusan Pinjaman \natau Pembiayaan paling kurang:  \na. 0%...', '(3) Pemeriksaan sebagaimana dimaksud pada Pasal 8 ayat \n(3) dilakukan dalam hal terdapat dugaan adanya \nkondisi-kondisi: \na. terjadinya penyalahgunaan keuangan LKM baik oleh \nDireksi, Komisaris maupun pegawai LKM; \nb. terjadinya kesulitan likuiditas dan solvabilitas yang \nmengarah pada kondisi yang membahayakan \nkeberlangsungan usaha LKM; \nc. terdapat penyimpangan terhadap Prinsip Syariah bagi \nLKM yang menyelenggarakan kegiatan usahanya \nberdasarkan Prinsip Syariah; \nd. tunggakan pengembalian Pinjaman atau Pembiayaan \ncukup besar sehingga dapat mempengaruhi kondisi \nkeuangan LKM; \ne. adanya penyimpangan dalam bent uk pemberian \nPinjaman atau Pembiayaan fiktif;  \nf. terjadinya kesalahan dalam pencatatan dan/atau \nperhitungan pembukuan yang berakibat kerugian \nfinansial bagi LKM; dan/atau \ng. terdapat kondisi -kondisi di luar ketentuan \nsebagaimana dimaksud huruf a sampai dengan huruf \nf, yang berdasarkan pertimbangan dari OJK perlu \nuntuk dilakukan Pemeriksaan secara langsung oleh \nOJK terhadap LKM. \n \n   (4) Dalam…']",50% (lima puluh persen) dari Pinjaman atau Pembiayaan dengan kualitas diragukan.,LKM wajib membentuk penyisihan penghapusan Pinjaman atau Pembiayaan paling kurang 50% (lima puluh persen) dari Pinjaman atau Pembiayaan dengan kualitas diragukan.,1.0,1.0,0.9999999999,0.7291851594747631
Apa saja bentuk badan hukum yang diizinkan untuk menyelenggarakan Usaha Pergadaian?,"['BAB II \nBENTUK BADAN HUKUM, KEPEMILIKAN,  \nDAN PERMODALAN \n \nPasal 2 \n(1) Bentuk badan hukum Perusahaan Pergadaian adalah: \na. perseroan terbatas; atau \nb. koperasi. \n(2) Perusahaan Pergadaian yang berbentuk badan hukum \nperseroan terbatas sebagaimana dimaksud pada ayat \n(1) huruf a, sahamnya hanya dapat dimiliki oleh: \na. negara Republik Indonesia; \nb. pemerintah daerah; \nc. warga negara Indonesia; dan/atau \nd. badan hukum Indonesia. \n(3) Ketentuan kepemilikan untuk Perusahaan Pergadaian \nyang berbentuk badan hukum koperasi sebagaimana \ndimaksud pada ayat (1) huruf b mengikuti  ketentuan', 'b. bukti perubahan bentuk badan hukum  yang telah disahkan oleh instansi \nyang berwenang; \nc. berita acara pengalihan seluruh hak dan kewajiban dari badan hukum lama \nkepada badan hukum baru; dan \nd. NPWP atas nama PT/Perum/Koperasi*) Penjaminan yang baru.  \n \nDemikian permohonan kami dan atas perhatian Bapak/lbu*), kami \nmengucapkan terima kasih.    \n \nDireksi \nPT/Perum/Koperasi*)    \nPenjaminan ..... \n \n \n \n \n                                                           …………………… \n \n*) Coret yang tidak perlu \n \n \n \n \nDitetapkan di Jakarta \n                                                              pada tanggal 7 April 2014 \n  \nKETUA DEWAN KOMISIONER \nOTORITAS JASA KEUANGAN \n  \nttd.         Ttd. \n    \nMULIAMAN D. HADAD \n \nSalinan sesuai dengan aslinya  \nKEPALA BAGIAN BANTUAN HUKUM  \nDIREKTORAT HUKUM,  \n \n            Ttd.  \n \nMUFLI ASMAWIDJAJA', 'Pasal 18 \n  (1) Direksi wajib melaporkan Perubahan bentuk badan \nhukum Lembaga Penjaminan secara tertulis kepada \nOtoritas Jasa Keuangan paling lambat 15 (lima \nbelas) hari sejak diperolehnya surat persetujuan \nperubahan bentuk badan hukum  dari instansi \nberwenang sesuai dengan format dalam Lampiran  \nVIII Peraturan Otoritas Jasa Keuangan  ini dan \ndilampiri dokumen:   \na. risalah rapat umum pemegang saham atau \nrapat anggota  mengenai perubahan bentuk \nbadan hukum Lembaga Penjaminan; \nb. bukti perubahan bentuk badan hukum  yang \ntelah disahkan oleh instansi yang berwenang; \nc. berita acara pengalihan seluruh hak dan \nkewajiban dari badan hukum lama kepada \nbadan hukum baru; dan \nd. NPWP atas nama Lembaga Penjaminan yang \nbaru. \n  (2) Berdasarkan laporan sebagaimana dimaksud pada \nayat (1), Otoritas Jasa Keuangan menetapkan \npencatatan perubahan bentuk badan hukum \nLembaga Penjaminan dengan keputusan Dewan \nKomisoner Otoritas Jasa Keuangan mengenai \nperubahan bentuk badan hukum Lembaga \nPenjaminan.']",Bentuk badan hukum yang diizinkan untuk Usaha Pergadaian adalah perseroan terbatas atau koperasi.,Bentuk badan hukum Perusahaan Pergadaian adalah perseroan terbatas atau koperasi.,1.0,1.0,0.9999999999,0.9945605577228632
Berapa Modal Disetor paling sedikit untuk mendirikan Perusahaan Pergadaian lingkup wilayah usaha kabupaten/kota?,"['Bagian Kesatu \nPerubahan Modal Disetor, Perubahan Alamat Kantor Pusat, \ndan Perubahan Nama Perusahaan Pergadaian \n \nPasal 32 \n(1) Perusahaan Pergadaian wajib melaporkan perubahan \nModal Disetor secara tertulis kepada OJK paling lama \n15 (lima belas) Hari setelah diterbitkannya persetujuan \natau surat penerimaan pemberitahuan dari instansi \nyang berwenang, atau disetujui oleh rapat anggota. \n(2) Pelaporan perubahan Modal Disetor sebagaimana \ndimaksud pada ayat (1) harus disampaikan oleh Direksi \nPerusahaan Pergadaian dengan menggunakan format 5 \nsebagaimana tercantum dalam Lampiran yang \nmerupakan bagian yang tidak terpisahkan dari \nPeraturan OJK ini dengan dilampiri dokumen: \na. perubahan anggaran dasar yang disertai dengan \nbukti persetujuan dari instansi berwenang bagi \nPerusahaan Pergadaian yang berbentuk badan \nhukum perseroan terbatas;  \nb. akta risalah rapat anggota dan/atau perubahan \nanggaran dasar bagi Perusahaan Pergadaian yang \nberbentuk badan hukum koperasi; dan \nc. surat pernyataan bahwa setoran modal tidak \nberasal dari pinjaman dan/atau tindak pidana \npencucian uang.', '- 6 - \n \nperaturan perundang -undangan di bidang \nperkoperasian. \n \nPasal 3 \nPerusahaan Pergadaian dilarang dimiliki baik secara \nlangsung maupun tidak langsung oleh warga negara asing \ndan/atau badan usaha yang sebagian atau seluruhnya \ndimiliki oleh warga negara asing atau badan usaha asing, \nkecuali kepemilikan langsung maupun tidak  langsung \ntersebut dilakukan melalui bursa efek.  \n \nPasal 4 \n(1) Modal Disetor Perusahaan Pergadaian ditetapkan \nberdasarkan lingkup wilayah usaha yaitu \nkabupaten/kota atau provinsi. \n(2) Jumlah Modal Disetor Perusahaan Pergadaian \nsebagaimana dimaksud pada ayat (1) ditetapkan \npaling sedikit: \na. Rp500.000.000,00 (lima ratus juta rupiah), untuk \nlingkup wilayah usaha kabupaten/kota; atau \nb. Rp2.500.000.000,00 (dua miliar lima ratus juta \nrupiah), untuk lingkup wilayah usaha provinsi. \n(3) Modal Disetor sebagaimana dimaksud pada ayat ( 2) \nharus disetor secara tunai dan penuh atas nama \nPerusahaan Pergadaian pada salah satu bank umum \natau bank umum syariah di Indonesia.', 'a. bagi Perusahaan Pergadaian  yang berbentuk \nbadan hukum perseroan terbatas ad alah modal \ndisetor sebagaimana dimaksud dalam Undang -\nUndang Nomor 40 Tahun 2007 tentang Perseroan \nTerbatas; atau \nb. bagi Perusahaan Pergadaian  yang berbentuk \nbadan hukum koperasi adalah simpanan pokok']","Modal Disetor paling sedikit untuk mendirikan Perusahaan Pergadaian lingkup wilayah usaha kabupaten/kota adalah Rp500.000.000,00 (lima ratus juta rupiah).","Jumlah Modal Disetor Perusahaan Pergadaian untuk lingkup wilayah usaha kabupaten/kota ditetapkan paling sedikit Rp500.000.000,00 (lima ratus juta rupiah).",1.0,1.0,0.49999999995,0.9956495082962906
Berapa bulan batas jangka waktu paling lama untuk pinjaman dengan jaminan berdasarkan hukum Gadai?,"['Pasal 24 \n(1) Jangka waktu pinjaman kepada Nasabah dengan \njaminan berdasarkan hukum Gadai paling lama 4 \n(empat) bulan. \n(2) Dalam hal Uang Pinjaman dengan jaminan \nberdasarkan hukum Gadai belum dilunasi sampai', '- 9 - \n \nbulan untuk periode yang berakhir pada tanggal 31 \nMaret, 30 Juni, 30 September, dan 31 Desember  \nkepada OJK dengan informasi yang paling sedikit \nmemuat: \na. jumlah Pemberi Pinjaman dan Penerima Pinjaman; \nb. kualitas pinjaman yang diterima oleh Penerima \nPinjaman berikut dasar penilaian kualitas \npinjaman; dan \nc. kegiatan yang telah dilakukan setelah terdaftar di \nOJK. \n(2) Laporan berkala setiap 3 (tiga) bulan  sebagaimana \ndimaksud pada ayat ( 1) disampaikan kepada OJK \npaling lambat 10 (sepuluh) hari kerja terhitung sejak \njatuh tempo tanggal pelaporan. \n \nPasal 10 \n(1) Penyelenggara yang telah terdaftar di OJK, wajib \nmengajukan permohonan izin sebagai Penyelenggara \ndalam jangka waktu paling lama 1 (satu) tahun sejak \ntanggal terdaftar di OJK. \n(2) Dalam hal jangka waktu sebagaimana dimaksud pada \nayat (1) telah berakhir , Penyelenggara yang telah \nmendapatkan surat tanda bukti terdaftar dan tidak \nmenyampaikan permohonan perizinan  atau tidak \nmemenuhi p ersyaratan perizinan, surat tanda bukti \nterdaftar Penyelenggara sebagaimana dimaksud dalam', '- 47 - \n \n(2) Peringatan sebagaimana dimaksud pada ayat (1) huruf \na diberikan paling banyak 3 (tiga) kali berturut-turut \ndengan jangka waktu paling lama masing-masing 40 \n(empat puluh) Hari. \n(3) Dalam hal sebelum berakhirnya jangka waktu sanksi \nperingatan sebagaimana dimaksud pada ayat (2), \nPerusahaan Pergadaian telah memenuhi ketentuan \nsebagaimana dimaksud pada ayat (1), OJK mencabut \nsanksi peringatan. \n(4) Dalam hal masa berlaku peringatan ketiga \nsebagaimana dimaksud pada ayat (2) berakhir dan \nPerusahaan Pergadaian tetap tidak memenuhi \nketentuan sebagaimana dimaksud pada ayat (1), OJK \nmengenakan sanksi pembekuan kegiatan usaha. \n(5) Sanksi pembekuan kegiatan usaha diberikan secara \ntertulis dan berlaku sejak ditetapkan untuk jangka \nwaktu paling lama 6 (enam) bulan. \n(6) Dalam hal sebelum berakhirnya jangka waktu \npembekuan kegiatan usaha sebagaimana dimaksud \npada ayat (5), Perusahaan Pergadaian telah memenuhi \nketentuan sebagaimana dimaksud pada ayat (1), OJK \nmencabut sanksi pembekuan kegiatan usaha.']",Jangka waktu pinjaman dengan jaminan berdasarkan hukum Gadai paling lama 4 (empat) bulan.,Jangka waktu pinjaman kepada Nasabah dengan jaminan berdasarkan hukum Gadai paling lama 4 (empat) bulan.,1.0,1.0,0.9999999999,0.9922519976089539
Berapa batas maksimum total pemberian pinjaman dana kepada setiap Penerima Pinjaman dalam Layanan Pinjam Meminjam Uang Berbasis Teknologi Informasi (Fintech)?,"['Bagian Ketiga \nBatasan Pemberian Pinjaman Dana \n \nPasal 6 \n(1) Penyelenggara wajib memenuhi ketentuan batas \nmaksimum total pemberian pinjaman dana k epada \nsetiap Penerima Pinjaman.', '- 7 - \n \n(2) Batas maksimum total pemberian pinjaman dana \nsebagaimana dimaksud pada ayat ( 1) ditetapkan \nsebesar Rp2.000.000.000,00 (dua miliar rupiah). \n(3) OJK dapat melakukan peninjauan kembali atas batas \nmaksimum total pemberian pinjaman d ana \nsebagaimana dimaksud pada ayat (2).', 'BAB XV \nKETENTUAN PENUTUP \n \nPasal 51 \nKetentuan lebih lanjut mengenai Layanan Pinjam Meminjam \nUang Berbasis Teknologi Informasi antar a lain terkait  \nperubahan batas maksimum total pemberian pinjaman \ndana, tata cara pemberian pinjaman, kerja sama antara \nPenyelenggara dengan penyelenggara layanan pendukung \nlainnya berbasis teknologi informasi , penempatan pusat \ndata dan standar minimum  sistem teknologi informasi, \npengelolaan risiko teknologi informasi, pengamanan \nteknologi informasi,  ketahanan terhadap gangguan dan \nkegagalan sistem serta alih kelola sistem teknologi \ninformasi, sistem keamanan, kerahasiaan data, kegagalan \nsistem transaksi Penyelenggara, pengamanan sistem \nteknologi informasi, pengelolaan celah keamanan teknologi']","Batas maksimum total pemberian pinjaman dana kepada setiap Penerima Pinjaman adalah Rp2.000.000.000,00 (dua miliar rupiah).","Batas maksimum total pemberian pinjaman dana kepada setiap Penerima Pinjaman ditetapkan sebesar Rp2.000.000.000,00 (dua miliar rupiah).",1.0,1.0,0.49999999995,0.997839188392963
Berapa maksimal kepemilikan saham oleh warga negara asing atau badan hukum asing pada penyelenggara Fintech P2P Lending?,"['- 6 - \n \nperaturan perundang -undangan di bidang \nperkoperasian. \n \nPasal 3 \nPerusahaan Pergadaian dilarang dimiliki baik secara \nlangsung maupun tidak langsung oleh warga negara asing \ndan/atau badan usaha yang sebagian atau seluruhnya \ndimiliki oleh warga negara asing atau badan usaha asing, \nkecuali kepemilikan langsung maupun tidak  langsung \ntersebut dilakukan melalui bursa efek.  \n \nPasal 4 \n(1) Modal Disetor Perusahaan Pergadaian ditetapkan \nberdasarkan lingkup wilayah usaha yaitu \nkabupaten/kota atau provinsi. \n(2) Jumlah Modal Disetor Perusahaan Pergadaian \nsebagaimana dimaksud pada ayat (1) ditetapkan \npaling sedikit: \na. Rp500.000.000,00 (lima ratus juta rupiah), untuk \nlingkup wilayah usaha kabupaten/kota; atau \nb. Rp2.500.000.000,00 (dua miliar lima ratus juta \nrupiah), untuk lingkup wilayah usaha provinsi. \n(3) Modal Disetor sebagaimana dimaksud pada ayat ( 2) \nharus disetor secara tunai dan penuh atas nama \nPerusahaan Pergadaian pada salah satu bank umum \natau bank umum syariah di Indonesia.', '-10- \n \n   \n(3) Badan usaha asing sebagaimana dimaksud pada \nayat (2) huruf c hanya dapat memiliki saham pada \nLembaga Penjaminan berbentuk badan hukum \nPerseroan Terbatas.  \n  (4) Total kepemilikan asing pada Lembaga Penjaminan \nberbentuk badan hukum Perseroan Terbatas baik \nsecara langsung maupun tidak langsung paling \nbanyak sebesar 49% (empat puluh sembilan per \nseratus) dari modal disetor. \n  (5) Perusahaan Penjaminan Ulang  atau Perusahaan \nPenjaminan Ulang  Syariah yang berbentuk badan \nhukum Koperasi hanya dapat dimiliki oleh \ngabungan Perusahaan Penjaminan  atau \nPerusahaan Penjaminan Syariah  yang berbentuk \nbadan hukum Koperasi. \n  BAB III \n  KEPEMILIKAN DAN KEPENGURUSAN \n  Pasal 8 \n  (1) Bagi pemegang saham yang berbentuk badan \nhukum Indonesia, jumlah penyertaan modal pada \nLembaga Penjaminan ditetapkan paling banyak  \nsebesar: \na. ekuitas badan hukum  yang bersangkutan \napabila tidak terdapat penyertaan lain; atau \nb. ekuitas badan hukum yang bersangkutan \ndikurangi jumlah penyertaan lain yang telah \ndilakukan apabila terdapat penyertaan lain.', '- 5 - \n \n15. Tanda Tangan Elektronik adalah tanda tangan yang \nterdiri atas informasi elektronik yang dilekatkan, \nterasosiasi atau terkait dengan informasi elektronik \nlainnya yang digunakan sebagai alat verifikasi dan \nautentikasi sebagaimana dimaksud dalam Undang -\nUndang Nomor 11 Tahun 2008 tentang Informasi dan \nTransaksi Elektronik. \n \nBAB II \nPENYELENGGARA LAYANAN PINJAM MEMINJAM UANG \nBERBASIS TEKNOLOGI INFORMASI  \n \nBagian Kesatu \nBentuk Badan Hukum, Kepemilikan, dan Permodalan \n \nPasal 2 \n(1) Penyelenggara dinyatakan sebagai Lembaga Jasa \nKeuangan Lainnya. \n(2) Badan hukum Penyelenggara berbentuk: \na. perseroan terbatas; atau \nb. koperasi. \n \nPasal 3 \n(1) Penyelenggara berbentuk badan hukum perseroan \nterbatas sebagaimana dimaksud dalam Pasal 2 ayat (2) \nhuruf a, dapat didirikan dan dimiliki oleh: \na. warga negara Indonesia  dan/atau badan hukum \nIndonesia; dan/atau \nb. warga negara asing dan/atau badan hukum asing. \n(2) Kepemilikan saham Penyelenggara oleh warga negara \nasing dan/atau badan hukum asing sebagaimana \ndimaksud pada ayat (1) huruf b, baik secara langsung \nmaupun tidak langsung paling banyak  85% (delapan \npuluh lima persen).']",Maksimal kepemilikan saham oleh warga negara asing atau badan hukum asing pada penyelenggara Fintech P2P Lending adalah 85%.,"Kepemilikan saham Penyelenggara oleh warga negara asing dan/atau badan hukum asing, baik secara langsung maupun tidak langsung paling banyak 85% (delapan puluh lima persen).",1.0,1.0,0.3333333333,0.7305778647384567
Apa syarat nilai transaksi tunai yang mewajibkan Penyedia Jasa Keuangan untuk melakukan prosedur Uji Tuntas Nasabah (Customer Due Diligence)?,"['c. memastikan adanya sistem yang dapat mengidentifikasi, \nmenganalisa, memantau dan menyediakan laporan secara \nefektif mengenai karakteristik transaksi yang dilakukan \noleh Nasabah; \nd. memastikan bahwa kebijakan dan prosedur yang disusun \nsebagaimana dimaksud dalam huruf b telah sesuai dengan \nperubahan dan perkembangan yang meliputi antara lain \nproduk, jasa, dan teknologi di sektor jasa keuangan, \nkegiatan dan kompleksitas usaha PJK, volume transaksi \nPJK, dan modus Pencucian Uang dan/atau Pendanaan \nTerorisme; \ne. memastikan bahwa formulir yang berkaitan dengan \nNasabah telah mengakomodasi data yang diperlukan \ndalam penerapan program APU dan PPT;  \nf. memantau rekening Nasabah dan pelaksanaan transaksi  \nNasabah; \ng. melakukan evaluasi terhadap hasil pemantauan dan \nanalisis transaksi Nasabah untuk memastikan ada atau \ntidak adanya Transaksi Keuangan Mencurigakan,', 'selanjutnya disingkat EDD adalah tindakan CDD lebih \nmendalam yang dilakukan PJK  terhadap Calon Nasabah, \nWIC, atau Nasabah, yang berisiko tinggi termasuk PEP \ndan/atau dalam area berisiko tinggi.  \n13. Nasabah Berisiko Tinggi ( High Risk Customers ) adalah \nNasabah yang berdasarkan latar belakang, identitas dan \nriwayatnya dianggap memiliki ris iko tinggi melakukan \nkegiatan terkait tindak pidana Pencucian Uang dan/atau \nPendanaan Terorisme. \n14. Transaksi Keuangan Mencurigakan adalah transaksi \nkeuangan mencurigakan sebagaimana dimaksud dalam \nUndang-Undang yang mengatur mengenai pencegahan \ndan pemberant asan tindak pidana Pencucian Uang dan \nUndang-Undang yang mengatur mengenai pencegahan \ndan pemberantasan tindak pidana Pendanaan Terorisme. \n15. Transaksi Keuangan Tunai adalah transaksi keuangan \ntunai sebagaimana dimaksud dalam Undang-Undang yang', '- 18 - \n \nPasal 15 \nPJK wajib melakukan prosedur CDD pada saat: \na. melakukan hubungan usaha dengan Calon Nasabah;  \nb. terdapat transaksi keuangan dengan mata uang rupiah \ndan/atau mata uang asing yang nilainya paling sedikit \natau setara dengan Rp100.000.000,00 (seratus juta \nrupiah); \nc. terdapat transaksi Transfer Dana sebagaimana dimaksud \ndalam Peraturan OJK ini; \nd. terdapat indikasi Transaksi Keuangan Mencurigakan yang \nterkait dengan Pencucian Uang dan/atau Pendanaan \nTerorisme; atau \ne. PJK meragukan kebenaran informasi yang diberikan oleh \nCalon Nasabah, Nasabah, penerima kuasa, dan/atau \nPemilik Manfaat (Beneficial Owner).']","Transaksi keuangan dengan mata uang rupiah dan/atau mata uang asing yang nilainya paling sedikit atau setara dengan Rp100.000.000,00 (seratus juta rupiah).","Prosedur CDD wajib dilakukan saat terdapat transaksi keuangan dengan mata uang rupiah dan/atau mata uang asing yang nilainya paling sedikit atau setara dengan Rp100.000.000,00 (seratus juta rupiah).",1.0,1.0,0.3333333333,0.9845990992570381
Apa pengertian Walk in Customer (WIC) dalam Peraturan Penerapan Program Anti Pencucian Uang di Sektor Jasa Keuangan?,"['d.  bahwa berdasarkan pertimbangan sebagaimana dimaksud \ndalam huruf a, huruf b, dan huruf c, perlu menetapkan \nPeraturan Otoritas Jasa Keuangan tentang Penerapan \nProgram Anti Pencucian Uang dan Pencegahan Pendanaan \nTerorisme di Sektor Jasa Keuangan; \n \nMengingat : 1.  Undang-Undang Nomor 8 Tahun 2010 tentang \nPencegahan dan Pemberantasan Tindak Pidana Pencucian \nUang (Lembaran Negara Republik Indonesia Tahun 2010 \nNomor 122, Tambahan Lembaran Negara Republik \nIndonesia Nomor 5164); \n  2.  Undang-Undang Nomor 21 Tahun 2011 tentang Otoritas \nJasa Keuangan (Lembaran Negara Republik Indonesia \nTahun 2011 Nomor 111, Tambahan Lembaran Negara \nRepublik Indonesia Nomor 5253);  \n  3.  Undang-Undang Nomor 9 Tahun 2013 tentang \nPencegahan dan Pemberantasan Tindak P idana \nPendanaan Terorisme (Lembaran Negara Republik \nIndonesia Tahun 2013 Nomor 50, Tambahan Lembaran \nNegara Republik Indonesia Nomor 5406); \n \nMEMUTUSKAN: \nMenetapkan : PERATURAN OTORITAS JASA KEUANGAN TENTANG \nPENERAPAN PROGRAM ANTI PENCUCIAN UANG DAN \nPENCEGAHAN PENDANAAN TERORISME DI SEKTOR JASA \nKEUANGAN.', '- 57 - \n \nb. Peraturan Bank Indonesia Nomor 14/27/PBI/2012 \ntentang Penerapan Program Anti Pencucian Uang dan \nPencegahan Pendanaan Terorisme bagi Bank U mum \n(Lembaran Negara Republik Indonesia Tahun 2012 Nomor \n290, Tambahan Lembaran Negara Republik Indonesia \nNomor 5385);  \nc. Peraturan OJK Nomor 22/POJK.04/2014 tentang Prinsip \nMengenal Nasabah oleh Penyedia Jasa Keuangan di Sektor \nPasar Modal (Lembaran Negara Republik Indonesia Tahun \n2014 Nomor 353, Tambahan Lembaran Negara Republik \nIndonesia Nomor 5631); dan \nd. Peraturan OJK Nomor 39/POJK.05/2015 tentang \nPenerapan program Anti Pencucian Uang dan Pencegahan \nPendanaan Terorisme oleh Penyedia Jasa Keuangan di \nSektor Industri Keuangan Non -Bank (Lembaran Negara \nRepublik Indonesia Tahun 2015 Nomor 320, Tambahan \nLembaran Negara Republik Indonesia Nomor 5790), \ndicabut dan dinyatakan tidak berlaku. \n  \nPasal 70 \nPeraturan OJK ini mulai berlaku pada tanggal diundangkan.', '- 3 - \n \nmengatur mengenai pencegahan dan pemberantasan \ntindak pidana Pendanaan Terorisme. \n8. Calon Nasabah adalah pihak yang akan menggunakan \njasa PJK.  \n9. Nasabah adalah pihak yang menggunakan jasa PJK. \n10. Walk in Customer  yang untuk selanjutnya disingkat WIC \nadalah pihak yang menggunakan jasa PJK di Sektor \nPerbankan atau PJK di Sektor Pasar Modal namun tidak \nmemiliki rekening pada PJK di Sektor Perbankan atau PJK \ndi Sektor Pasar Modal tersebut, tidak termasuk pihak yang \nmendapatkan perintah atau penugasan dari Nasabah \nuntuk melakukan transaksi atas kepentingan Nasabah.  \n11. Uji Tuntas Nasabah ( Customer Due Diligence ) yang \nselanjutnya disingkat CDD adalah kegiatan berupa \nidentifikasi, verifikasi, dan pemantauan yang dilakukan \noleh PJK untuk memastikan transaksi sesuai dengan \nprofil, karakteristik, dan/atau pola transaksi Calon \nNasabah, Nasabah, atau WIC. \n12. Uji Tuntas Lanjut ( Enhanced Due Diligence ) yang \nselanjutnya disingkat EDD adalah tindakan CDD lebih \nmendalam yang dilakukan PJK  terhadap Calon Nasabah, \nWIC, atau Nasabah, yang berisiko tinggi termasuk PEP \ndan/atau dalam area berisiko tinggi.']","Walk in Customer (WIC) adalah pihak yang menggunakan jasa PJK di Sektor Perbankan atau PJK di Sektor Pasar Modal namun tidak memiliki rekening pada PJK di Sektor Perbankan atau PJK di Sektor Pasar Modal tersebut, tidak termasuk pihak yang mendapatkan perintah atau penugasan dari Nasabah untuk melakukan transaksi atas kepentingan Nasabah.","Walk in Customer (WIC) adalah pihak yang menggunakan jasa PJK di Sektor Perbankan atau Pasar Modal namun tidak memiliki rekening pada PJK tersebut, tidak termasuk pihak yang mendapat perintah atau penugasan dari Nasabah untuk transaksi kepentingan Nasabah.",1.0,1.0,0.3333333333,0.9418361217668436
Siapa pihak yang berwenang untuk melakukan penyidikan tindak pidana di Sektor Jasa Keuangan berdasarkan POJK No.22/POJK.01/2015?,"['BAB II \nKEWENANGAN PENYIDIKAN TINDAK PIDANA  \nDI SEKTOR JASA KEUANGAN \n \nPasal 2 \n(1) OJK berwenang melakukan Penyidikan Tindak Pidana \ndi Sektor Jasa Keuangan.', '- 3 - \n \nmengatur mengenai pencegahan dan pemberantasan \ntindak pidana Pendanaan Terorisme. \n8. Calon Nasabah adalah pihak yang akan menggunakan \njasa PJK.  \n9. Nasabah adalah pihak yang menggunakan jasa PJK. \n10. Walk in Customer  yang untuk selanjutnya disingkat WIC \nadalah pihak yang menggunakan jasa PJK di Sektor \nPerbankan atau PJK di Sektor Pasar Modal namun tidak \nmemiliki rekening pada PJK di Sektor Perbankan atau PJK \ndi Sektor Pasar Modal tersebut, tidak termasuk pihak yang \nmendapatkan perintah atau penugasan dari Nasabah \nuntuk melakukan transaksi atas kepentingan Nasabah.  \n11. Uji Tuntas Nasabah ( Customer Due Diligence ) yang \nselanjutnya disingkat CDD adalah kegiatan berupa \nidentifikasi, verifikasi, dan pemantauan yang dilakukan \noleh PJK untuk memastikan transaksi sesuai dengan \nprofil, karakteristik, dan/atau pola transaksi Calon \nNasabah, Nasabah, atau WIC. \n12. Uji Tuntas Lanjut ( Enhanced Due Diligence ) yang \nselanjutnya disingkat EDD adalah tindakan CDD lebih \nmendalam yang dilakukan PJK  terhadap Calon Nasabah, \nWIC, atau Nasabah, yang berisiko tinggi termasuk PEP \ndan/atau dalam area berisiko tinggi.', 'OTORITAS JASA KEUANGAN \nREPUBLIK INDONESIA \nPERATURAN OTORITAS JASA KEUANGAN \nNOMOR  22 /POJK.01/2015 \nTENTANG \nPENYIDIKAN TINDAK PIDANA DI SEKTOR JASA KEUANGAN  \n \nDENGAN RAHMAT TUHAN YANG MAHA ESA \n \nDEWAN KOMISIONER OTORITAS JASA KEUANGAN, \n \n \nMenimbang : a. bahwa Undang-Undang Nomor 21 Tahun 2011 tentang \nOtoritas Jasa Keuangan memberikan kewenangan \nkepada Otoritas Jasa Keuangan untuk melakukan \npenyidikan tindak pidana di Sektor Jasa Keuangan; \n  b. bahwa pelaksanaan kewenangan penyidikan \nsebagaimana dimaksud dalam huruf a dilaksanakan \noleh Penyidik Kepolis ian Negara Republik Indonesia \ndan/atau Penyidik Pegawai Negeri Sipil yang \ndipekerjakan di Otoritas Jasa Keuangan; \n  c. bahwa penyidikan dilaksanakan secara cepat, biaya \nringan dan sederhana yang diarahkan untuk membuat \nterang tindak pidana yang terjadi gun a mewujudkan \nkeadilan, kemanfaatan, dan kepastian hukum, \nmenumbuhkan dan menjaga kepercayaan masyarakat \nterhadap sektor jasa keuangan, serta memperkuat \nstabilitas sistem keuangan;   \n  d. bahwa pelaku industri jasa keuangan dan masyarakat \nperlu diberikan akses untuk turut serta dalam \npencegahan dan penanganan tindak pidana di sektor \njasa keuangan;']",OJK berwenang melakukan Penyidikan Tindak Pidana di Sektor Jasa Keuangan.,"Otoritas Jasa Keuangan berwenang melakukan penyidikan, yang pelaksanaannya dilakukan oleh Penyidik OJK yang terdiri atas Pejabat Penyidik Kepolisian Negara Republik Indonesia dan/atau Pejabat Pegawai Negeri Sipil yang diberi wewenang khusus sebagai Penyidik.",1.0,1.0,0.8333333332916666,0.529943293168537
